{
    "maze": [
        ["1", "1", "1", "1", "1", "1", "1", "1", "1", "1", "1"],
        ["1", "3", "0", "0", "0", "0", "1", "0", "0", "0", "1"],
        ["1", "1", "1", "1", "1", "0", "1", "1", "1", "0", "1"],
        ["1", "0", "0", "0", "1", "0", "0", "0", "1", "0", "1"],
        ["1", "0", "1", "0", "1", "1", "1", "0", "1", "0", "1"],
        ["1", "0", "1", "0", "0", "0", "1", "0", "0", "0", "1"],
        ["1", "0", "1", "1", "1", "1", "1", "1", "1", "0", "1"],
        ["1", "0", "0", "0", "1", "0", "0", "0", "1", "0", "1"],
        ["1", "0", "1", "0", "1", "0", "1", "0", "1", "0", "1"],
        ["1", "0", "1", "0", "0", "0", "1", "0", "0", "2", "1"],
        ["1", "1", "1", "1", "1", "1", "1", "1", "1", "1", "1"]
    ],
    "width": 11,
    "height": 11,
    "start_coords": [1, 1],
    "end_coords": [9, 9],
    "stats": [{
        "algo": "dfs",
        "route": [
            [1, 1],
            [1, 2],
            [1, 3],
            [1, 4],
            [1, 5],
            [2, 5],
            [3, 5],
            [3, 6],
            [3, 7],
            [4, 7],
            [5, 7],
            [5, 8],
            [5, 9],
            [6, 9],
            [7, 9],
            [8, 9],
            [9, 9]
        ],
        "steps": [
            [1, 1],
            [1, 2],
            [1, 3],
            [1, 4],
            [1, 5],
            [2, 5],
            [3, 5],
            [3, 6],
            [3, 7],
            [4, 7],
            [5, 7],
            [5, 8],
            [5, 9],
            [6, 9],
            [7, 9],
            [8, 9],
            [9, 9]
        ],
        "time": 2.4999999999941735e-05
    }, {
        "algo": "dfs",
        "route": [
            [1, 1],
            [1, 2],
            [1, 3],
            [1, 4],
            [1, 5],
            [2, 5],
            [3, 5],
            [3, 6],
            [3, 7],
            [4, 7],
            [5, 7],
            [5, 8],
            [5, 9],
            [6, 9],
            [7, 9],
            [8, 9],
            [9, 9]
        ],
        "steps": [
            [1, 1],
            [1, 2],
            [1, 3],
            [1, 4],
            [1, 5],
            [2, 5],
            [3, 5],
            [3, 6],
            [3, 7],
            [4, 7],
            [5, 7],
            [5, 8],
            [5, 9],
            [6, 9],
            [7, 9],
            [8, 9],
            [9, 9]
        ],
        "time": 1.7999999999851468e-05
    }, {
        "algo": "dfs",
        "route": [
            [1, 1],
            [1, 2],
            [1, 3],
            [1, 4],
            [1, 5],
            [2, 5],
            [3, 5],
            [3, 6],
            [3, 7],
            [4, 7],
            [5, 7],
            [5, 8],
            [5, 9],
            [6, 9],
            [7, 9],
            [8, 9],
            [9, 9]
        ],
        "steps": [
            [1, 1],
            [1, 2],
            [1, 3],
            [1, 4],
            [1, 5],
            [2, 5],
            [3, 5],
            [3, 6],
            [3, 7],
            [4, 7],
            [5, 7],
            [5, 8],
            [5, 9],
            [6, 9],
            [7, 9],
            [8, 9],
            [9, 9]
        ],
        "time": 1.699999999971169e-05
    }, {
        "algo": "dfs",
        "route": [
            [1, 1],
            [1, 2],
            [1, 3],
            [1, 4],
            [1, 5],
            [2, 5],
            [3, 5],
            [3, 6],
            [3, 7],
            [4, 7],
            [5, 7],
            [5, 8],
            [5, 9],
            [6, 9],
            [7, 9],
            [8, 9],
            [9, 9]
        ],
        "steps": [
            [1, 1],
            [1, 2],
            [1, 3],
            [1, 4],
            [1, 5],
            [2, 5],
            [3, 5],
            [3, 6],
            [3, 7],
            [4, 7],
            [5, 7],
            [5, 8],
            [5, 9],
            [6, 9],
            [7, 9],
            [8, 9],
            [9, 9]
        ],
        "time": 1.4999999999876223e-05
    }, {
        "algo": "dfs",
        "route": [
            [1, 1],
            [1, 2],
            [1, 3],
            [1, 4],
            [1, 5],
            [2, 5],
            [3, 5],
            [3, 6],
            [3, 7],
            [4, 7],
            [5, 7],
            [5, 8],
            [5, 9],
            [6, 9],
            [7, 9],
            [8, 9],
            [9, 9]
        ],
        "steps": [
            [1, 1],
            [1, 2],
            [1, 3],
            [1, 4],
            [1, 5],
            [2, 5],
            [3, 5],
            [3, 6],
            [3, 7],
            [4, 7],
            [5, 7],
            [5, 8],
            [5, 9],
            [6, 9],
            [7, 9],
            [8, 9],
            [9, 9]
        ],
        "time": 1.6000000000016e-05
    }, {
        "algo": "dfs",
        "route": [
            [1, 1],
            [1, 2],
            [1, 3],
            [1, 4],
            [1, 5],
            [2, 5],
            [3, 5],
            [3, 6],
            [3, 7],
            [4, 7],
            [5, 7],
            [5, 8],
            [5, 9],
            [6, 9],
            [7, 9],
            [8, 9],
            [9, 9]
        ],
        "steps": [
            [1, 1],
            [1, 2],
            [1, 3],
            [1, 4],
            [1, 5],
            [2, 5],
            [3, 5],
            [3, 6],
            [3, 7],
            [4, 7],
            [5, 7],
            [5, 8],
            [5, 9],
            [6, 9],
            [7, 9],
            [8, 9],
            [9, 9]
        ],
        "time": 1.700000000015578e-05
    }, {
        "algo": "dfs",
        "route": [
            [1, 1],
            [1, 2],
            [1, 3],
            [1, 4],
            [1, 5],
            [2, 5],
            [3, 5],
            [3, 6],
            [3, 7],
            [4, 7],
            [5, 7],
            [5, 8],
            [5, 9],
            [6, 9],
            [7, 9],
            [8, 9],
            [9, 9]
        ],
        "steps": [
            [1, 1],
            [1, 2],
            [1, 3],
            [1, 4],
            [1, 5],
            [2, 5],
            [3, 5],
            [3, 6],
            [3, 7],
            [4, 7],
            [5, 7],
            [5, 8],
            [5, 9],
            [6, 9],
            [7, 9],
            [8, 9],
            [9, 9]
        ],
        "time": 1.700000000015578e-05
    }, {
        "algo": "dfs",
        "route": [
            [1, 1],
            [1, 2],
            [1, 3],
            [1, 4],
            [1, 5],
            [2, 5],
            [3, 5],
            [3, 6],
            [3, 7],
            [4, 7],
            [5, 7],
            [5, 8],
            [5, 9],
            [6, 9],
            [7, 9],
            [8, 9],
            [9, 9]
        ],
        "steps": [
            [1, 1],
            [1, 2],
            [1, 3],
            [1, 4],
            [1, 5],
            [2, 5],
            [3, 5],
            [3, 6],
            [3, 7],
            [4, 7],
            [5, 7],
            [5, 8],
            [5, 9],
            [6, 9],
            [7, 9],
            [8, 9],
            [9, 9]
        ],
        "time": 1.700000000015578e-05
    }, {
        "algo": "dfs",
        "route": [
            [1, 1],
            [1, 2],
            [1, 3],
            [1, 4],
            [1, 5],
            [2, 5],
            [3, 5],
            [3, 6],
            [3, 7],
            [4, 7],
            [5, 7],
            [5, 8],
            [5, 9],
            [6, 9],
            [7, 9],
            [8, 9],
            [9, 9]
        ],