{
    "maze": [
        ["1", "1", "1", "1", "1", "1", "1", "1", "1", "1", "1"],
        ["1", "3", "1", "0", "0", "0", "0", "0", "0", "0", "1"],
        ["1", "0", "1", "1", "1", "0", "1", "1", "1", "1", "1"],
        ["1", "0", "0", "0", "1", "0", "1", "0", "0", "0", "1"],
        ["1", "1", "1", "0", "1", "0", "1", "0", "1", "0", "1"],
        ["1", "0", "1", "0", "1", "0", "0", "0", "1", "0", "1"],
        ["1", "0", "1", "0", "1", "1", "1", "1", "1", "0", "1"],
        ["1", "0", "1", "0", "0", "0", "0", "0", "1", "0", "1"],
        ["1", "0", "1", "1", "1", "1", "1", "0", "1", "0", "1"],
        ["1", "0", "0", "0", "0", "0", "0", "0", "0", "2", "1"],
        ["1", "1", "1", "1", "1", "1", "1", "1", "1", "1", "1"]
    ],
    "width": 11,
    "height": 11,
    "start_coords": [1, 1],
    "end_coords": [9, 9],
    "stats": [{
        "algo": "dfs",
        "route": [
            [1, 1],
            [2, 1],
            [3, 1],
            [3, 2],
            [3, 3],
            [4, 3],
            [5, 3],
            [6, 3],
            [7, 3],
            [7, 4],
            [7, 5],
            [7, 6],
            [7, 7],
            [8, 7],
            [9, 7],
            [9, 8],
            [9, 9]
        ],
        "steps": [
            [1, 1],
            [2, 1],
            [3, 1],
            [3, 2],
            [3, 3],
            [4, 3],
            [5, 3],
            [6, 3],
            [7, 3],
            [7, 4],
            [7, 5],
            [7, 6],
            [7, 7],
            [8, 7],
            [9, 7],
            [9, 8],
            [9, 9]
        ],
        "time": 2.6999999999999247e-05
    }, {
        "algo": "dfs",
        "route": [
            [1, 1],
            [2, 1],
            [3, 1],
            [3, 2],
            [3, 3],
            [4, 3],
            [5, 3],
            [6, 3],
            [7, 3],
            [7, 4],
            [7, 5],
            [7, 6],
            [7, 7],
            [8, 7],
            [9, 7],
            [9, 8],
            [9, 9]
        ],
        "steps": [
            [1, 1],
            [2, 1],
            [3, 1],
            [3, 2],
            [3, 3],
            [4, 3],
            [5, 3],
            [6, 3],
            [7, 3],
            [7, 4],
            [7, 5],
            [7, 6],
            [7, 7],
            [8, 7],
            [9, 7],
            [9, 8],
            [9, 9]
        ],
        "time": 3.200000000000425e-05
    }, {
        "algo": "dfs",
        "route": [
            [1, 1],
            [2, 1],
            [3, 1],
            [3, 2],
            [3, 3],
            [4, 3],
            [5, 3],
            [6, 3],
            [7, 3],
            [7, 4],
            [7, 5],
            [7, 6],
            [7, 7],
            [8, 7],
            [9, 7],
            [9, 8],
            [9, 9]
        ],
        "steps": [
            [1, 1],
            [2, 1],
            [3, 1],
            [3, 2],
            [3, 3],
            [4, 3],
            [5, 3],
            [6, 3],
            [7, 3],
            [7, 4],
            [7, 5],
            [7, 6],
            [7, 7],
            [8, 7],
            [9, 7],
            [9, 8],
            [9, 9]
        ],
        "time": 1.8999999999991246e-05
    }, {
        "algo": "dfs",
        "route": [
            [1, 1],
            [2, 1],
            [3, 1],
            [3, 2],
            [3, 3],
            [4, 3],
            [5, 3],
            [6, 3],
            [7, 3],
            [7, 4],
            [7, 5],
            [7, 6],
            [7, 7],
            [8, 7],
            [9, 7],
            [9, 8],
            [9, 9]
        ],
        "steps": [
            [1, 1],
            [2, 1],
            [3, 1],
            [3, 2],
            [3, 3],
            [4, 3],
            [5, 3],
            [6, 3],
            [7, 3],
            [7, 4],
            [7, 5],
            [7, 6],
            [7, 7],
            [8, 7],
            [9, 7],
            [9, 8],
            [9, 9]
        ],
        "time": 2.2999999999995246e-05
    }, {
        "algo": "dfs",
        "route": [
            [1, 1],
            [2, 1],
            [3, 1],
            [3, 2],
            [3, 3],
            [4, 3],
            [5, 3],
            [6, 3],
            [7, 3],
            [7, 4],
            [7, 5],
            [7, 6],
            [7, 7],
            [8, 7],
            [9, 7],
            [9, 8],
            [9, 9]
        ],
        "steps": [
            [1, 1],
            [2, 1],
            [3, 1],
            [3, 2],
            [3, 3],
            [4, 3],
            [5, 3],
            [6, 3],
            [7, 3],
            [7, 4],
            [7, 5],
            [7, 6],
            [7, 7],
            [8, 7],
            [9, 7],
            [9, 8],
            [9, 9]
        ],
        "time": 2.0999999999993246e-05
    }, {
        "algo": "dfs",
        "route": [
            [1, 1],
            [2, 1],
            [3, 1],
            [3, 2],
            [3, 3],
            [4, 3],
            [5, 3],
            [6, 3],
            [7, 3],
            [7, 4],
            [7, 5],
            [7, 6],
            [7, 7],
            [8, 7],
            [9, 7],
            [9, 8],
            [9, 9]
        ],
        "steps": [
            [1, 1],
            [2, 1],
            [3, 1],
            [3, 2],
            [3, 3],
            [4, 3],
            [5, 3],
            [6, 3],
            [7, 3],
            [7, 4],
            [7, 5],
            [7, 6],
            [7, 7],
            [8, 7],
            [9, 7],
            [9, 8],
            [9, 9]
        ],
        "time": 2.2999999999995246e-05
    }, {
        "algo": "dfs",
        "route": [
            [1, 1],
            [2, 1],
            [3, 1],
            [3, 2],
            [3, 3],
            [4, 3],
            [5, 3],
            [6, 3],
            [7, 3],
            [7, 4],
            [7, 5],
            [7, 6],
            [7, 7],
            [8, 7],
            [9, 7],
            [9, 8],
            [9, 9]
        ],
        "steps": [
            [1, 1],
            [2, 1],
            [3, 1],
            [3, 2],
            [3, 3],
            [4, 3],
            [5, 3],
            [6, 3],
            [7, 3],
            [7, 4],
            [7, 5],
            [7, 6],
            [7, 7],
            [8, 7],
            [9, 7],
            [9, 8],
            [9, 9]
        ],
        "time": 1.9000000000019e-05
    }, {
        "algo": "dfs",
        "route": [
            [1, 1],
            [2, 1],
            [3, 1],
            [3, 2],
            [3, 3],
            [4, 3],
            [5, 3],
            [6, 3],
            [7, 3],
            [7, 4],
            [7, 5],
            [7, 6],
            [7, 7],
            [8, 7],
            [9, 7],
            [9, 8],
            [9, 9]
        ],
        "steps": [
            [1, 1],
            [2, 1],
            [3, 1],
            [3, 2],
            [3, 3],
            [4, 3],
            [5, 3],
            [6, 3],
            [7, 3],
            [7, 4],
            [7, 5],
            [7, 6],
            [7, 7],
            [8, 7],
            [9, 7],
            [9, 8],
            [9, 9]
        ],
        "time": 1.7999999999990246e-05
    }, {
        "algo": "dfs",
        "route": [
            [1, 1],
            [2, 1],
            [3, 1],
            [3, 2],
            [3, 3],
            [4, 3],
            [5, 3],
            [6, 3],
            [7, 3],
            [7, 4],
            [7, 5],
            [7, 6],
            [7, 7],
            [8, 7],
            [9, 7],
            [9, 8],
            [9, 9]
        ],